# Surah 25: word meanings from Quran.com (Quran Foundation); Urdu by Dr. Farhat Hashmi, Al-Huda International.
1	Blessed is He ; Who ; sent down ; the Criterion ; upon ; His slave ; that he may be ; to the worlds ; a warner	بہت بابرکت ہے ; وہ ذات ; جس نے نازل کیا ; فرقان ; پر ; اپنے بندے (پر) ; تاکہ وہ ہوجائے ; جہان والوں کے لیے ; خبردار کرنے والا
2	The One Who ; to Him (belongs) ; (the) dominion ; (of) the heavens ; and the earth ; and not ; He has taken ; a son ; and not ; He has ; for Him ; a partner ; in ; the dominion ; and He (has) created ; every ; thing ; and determined it ; (with) determination	وہ ذات ; اسی کے لیے ہے ; بادشاہت ; آسمانوں کی ; اور زمین کی ; اور نہیں ; اس نے بنایا ; کوئی بیٹا ; اور نہیں ; ہے ; اس کے لیے ; کوئی شریک ; میں ; بادشاہت (میں) ; اور اس نے پیدا کیا ; ہر ; چیز کو ; پھر تقدیر مقرر کی اس کی ; تقدیر مقرر کرنا۔ تقدیر بنانا
3	Yet they have taken ; besides Him ; besides Him ; gods ; not ; they create ; anything ; while they ; are created ; and not ; they possess ; for themselves ; any harm ; and not ; any benefit ; and not ; they control ; death ; and not ; life ; and not ; resurrection	اور انہوں نے بنا رکھے ہیں۔ بنا لیے ; سے ; اس کے سوا (سے) ; کچھ الہ ; نہیں ; وہ پیدا کرتے ; کوئی چیز ; اور وہ ; پیدا کیے جاتے ہیں ; اور نہیں ; وہ مالک ہوسکتے ; اپنے نفسوں کے لیے ; کسی نقصان کے ; اور نہ ; نفع کے ; اور نہیں ; وہ مالک ہوسکتے ; موت کے ; اور نہ ; زندگی کے ; اور نہ ; دوبارہ جی اٹھنے کے
4	And say ; those who ; disbelieve ; Not ; this ; (is) but ; a lie ; he invented it ; and helped him ; at it ; people ; other ; But verily ; they (have) produced ; an injustice ; and a lie	اور کہا ; ان لوگوں نے ; جنہوں نے کفر کیا ; نہیں ; یہ ; مگر ; ایک جھوٹ۔ من گھڑت چیز ; اس نے گھڑ لیا اس کو ; اور مدد کی اس کی ; اس پر ; ایک قوم ; دوسری نے ; پس تحقیق ; وہ لائے ; ظلم ; اور جھوٹ
5	And they say ; Tales ; (of) the former people ; which he has had written ; and they ; are dictated ; to him ; morning ; and evening	اور انہوں نے کہا ; کہانیاں ہیں ; پہلوں کی ; اس نے اس کو لکھوا لیا ہے۔ اس نے اس کو گھڑ کر لکھا ہے ; تو وہ ; املاء کی جاتی ہیں۔ نقل کرائی جاتی ہیں ; اس پر ; صبح ; اور شام
6	Say ; Has sent it down ; the One Who ; knows ; the secret ; in ; the heavens ; and the earth ; Indeed, He ; is ; Oft-Forgiving ; Most Merciful	کہہ دیجیے ; نازل کیا ہے اس کو ; اس ذات نے ; جو جانتا ہے ; چھپی بات کو ; میں ; آسمانوں (میں) ; اور زمین (میں) ; بیشک وہ ; ہے ; غفور ; رحیم
7	And they say ; Why does ; this ; Messenger ; eat ; [the] food ; and walk ; in ; the markets ; Why not ; is sent down ; to him ; an Angel ; then he be ; with him ; a warner	اور انہوں نے کہا ; کیا ہے ; اس ; رسول کو ; کھاتا ہے ; کھانا ; اور چلتا ہے ; میں ; بازاروں میں ; کیوں نہیں ; نازل کیا گیا ; اس کی طرف ; کوئی فرشتہ ; تو ہوتا ; اس کے ساتھ ; خبردار کرنے والا
8	Or ; is delivered ; to him ; a treasure ; or ; is ; for him ; a garden ; he may eat ; from it ; And say ; the wrongdoers ; Not ; you follow ; but ; a man ; bewitched	یا ; ڈالا جاتا ; اس کی طرف ; کوئی خزانہ ; یا ; ہوتا ; اس کے لیے ; کوئی باغ ; کہ کھاتا ; اس (میں) سے ; اور کہا ; ظالموں نے ; نہیں ; تم پیروی کرتے ; مگر ; ایک شخص کی ; جو سحر زدہ ہے
9	See ; how ; they set forth ; for you ; the similitudes ; but they have gone astray ; so not ; they are able (to find) ; a way	دیکھو ; کس طرح ; انہوں نے بیان کیں ; تیرے لیے ; مثالیں ; تو وہ بھٹک گئے ; تو نہیں ; وہ استطاعت رکھتے ; راستے کی
10	Blessed is He ; Who ; if ; He willed ; (could have) made ; for you ; better ; than ; that ; gardens ; flow ; from ; underneath it ; the rivers ; and He (could) make ; for you ; palaces	بہت بابرکت ہے ; وہ ذات ; اگر ; وہ چاہے ; بنائے ; تیرے لیے ; بہتر ; سے ; اس (سے) ; باغات ; بہتی ہو ; سے ; ان کے نیچے (سے) ; نہریں ; اور بنائے ; تیرے لیے ; محلات
11	Nay ; they deny ; the Hour ; and We have prepared ; for (those) who ; deny ; the Hour ; a Blazing Fire	بلکہ ; انہوں نے جھٹلایا ; قیامت کو ; اور تیار کی ہم نے ; واسطے اس کے جو ; جھٹلائے ; قیامت کو ; بھڑکتی آگ
12	When ; it sees them ; from ; a place ; far ; they will hear ; its ; raging ; and roaring	جب ; وہ دیکھے گی ان کو ; سے ; جگہ (سے) ; دور کی ; سنیں گے ; اس کے لیے ; غضب۔ غصے کی آواز ; اور جوش کی آوازیں
13	And when ; they are thrown ; thereof ; (in) a place ; narrow ; bound in chains ; they will call ; there ; (for) destruction	اور جب ; ڈالے جائیں گے ; اس میں بعض حصے سے ; ایک جگہ (پر) ; تنگ ; جکڑے ہوئے ; پکاریں گے ; اس جگہ ; موت کو
14	(Do) not ; call ; this day ; (for) destruction ; one ; but call ; (for) destructions ; many	نہ ; تم پکارو ; آج ; موت ; ایک ; اور پکارو ; موتوں کو ; بہت سی
15	Say ; Is that ; better ; or ; Garden ; (of) Eternity ; which ; is promised ; (to) the righteous ; It will be ; for them ; a reward ; and destination	کہہ دیجیے ; کیا یہ ; بہتر ہے ; یا ; باغ ; ہمیشہ کے ; وہ جو ; وعدہ کیے گئے ; متقی لوگ ; ہیں ; ان کے لیے ; بدلہ ; اور پلٹنے کی جگہ
16	For them ; therein ; (is) whatever ; they wish ; they will abide forever ; It is ; on ; your Lord ; a promise ; requested	ان کے لیے ; اس میں ہے ; جو ; وہ چاہیں گے ; ہمیشہ رہنے والے ; ہے ; پر ; تیرے رب (پر) ; ایک وعدہ ; سوال کیا گیا۔ مطالبہ کیا گیا
17	And (the) Day ; He will gather them ; and what ; they worship ; besides Allah ; besides Allah ; besides Allah ; and He will say ; Did you ; [you] mislead ; My slaves ; these ; or ; they ; went astray ; (from) the way	اور جس دن ; وہ اکٹھا کرے گا ان کو ; اور جن کی ; وہ عبادت کرتے ہیں ; کے ; سوا ; اللہ کے ; تو وہ کہے گا ; کیا تم نے ; گمراہ کیا تم نے ; میرے بندوں کو ; ان کو ; یا ; وہ ; بھٹک گئے ; راستے سے
18	They say ; Glory be to You ; Not ; it was proper ; it was proper ; for us ; that ; we take ; besides You ; besides You ; any ; protectors ; But ; You gave them comforts ; and their forefathers ; until ; they forgot ; the Message ; and became ; a people ; ruined	وہ کہیں گے ; پاک ہے تو ; نہیں ; ہے ; جائز ; ہمارے لیے ; کہ ; ہم بناتے ; سے ; تیرے سوا (سے) ; کوئی ; دوست ; لیکن ; تو نے سامان زندگی دیا ان کو ; اور ان کے باپ دادا کو ; یہاں تک کہ ; وہ بھول گئے ; نصیحت۔ ذکر۔ یاد ; اور تھے وہ ; لوگ ; شامت زدہ۔ ہلاک ہونے والے
19	So verily ; they deny you ; in what ; you say ; so not ; you are able ; (to) avert ; and not ; (to) help ; And whoever ; does wrong ; among you ; We will make him taste ; a punishment ; great	تو تحقیق ; انہوں نے جھٹلایا تم کو ; بوجہ اس کے ; جو تم کہتے تھے ; تو نہیں ; تم استطاعت رکھتے ; پھیرنے کی (عذاب کی) ; اور نہ ; مدد کی ; اور جو کوئی ; ظلم کرے گا ; تم میں سے ; ہم چکھائیں گے اس کو ; عذاب ; بڑا
20	And not ; We sent ; before you ; any ; Messengers ; but ; indeed, they ; [surely] ate ; food ; and walked ; in ; the markets ; And We have made ; some of you ; for others ; a trial ; will you have patience ; And is ; your Lord ; All-Seer	اور نہیں ; بھیجا ہم نے ; تجھ سے پہلے ; سے ; رسولوں میں (سے ) ; مگر ; بیشک وہ ; البتہ وہ کھاتے تھے ; کھانا ; اور وہ چلتے تھے ; میں ; بازاروں (میں) ; اور بنایا ہم نے ; تم میں سے بعض کو ; بعض کے لیے ; آزمائش ; کیا تم صبر کرو گے ; اور ہے ; رب تیرا ; دیکھنے والا
21	And said ; those who ; (do) not ; expect ; (the) meeting with Us ; Why not ; are sent down ; to us ; the Angels ; or ; we see ; our Lord ; Indeed ; they have become arrogant ; within ; themselves ; and (become) insolent ; (with) insolence ; great	اور کہا ; ان لوگوں نے ; نہیں ; جو امید رکھتے ; ہماری ملاقات کی ; کیوں نہیں ; اتارے گئے۔ نازل کیے گئے ; ہم پر ; فرشتے ; یا ; ہم دیکھتے ; اپنے رب کو ; البتہ تحقیق ; انہوں نے تکبر کیا ; میں ; اپنے نفسوں ; اور انہوں نے سرکشی کی ; سرکشی ; بڑی
22	(The) Day ; they see ; the Angels ; no ; glad tidings ; (will be) that Day ; for the criminals ; and they will say ; A partition ; forbidden	جس دن ; وہ دیکھ لیں گے ; فرشتوں کو ; نہیں ; خوش خبری ; اس دن ; مجرموں کے لیے ; اور وہ کہیں گے ; بندکیے جاؤ ; بند کیا جانا
23	And We will proceed ; to ; whatever ; they did ; of ; (the) deed(s) ; and We will make them ; (as) dust ; dispersed	اور توجہ کی ہم نے ; طرف اس کے ; جو ; انہوں نے عمل کیے ; کوئی بھی ; عمل ; تو کردیا ہم نے اس کو ; غبار۔ ریت ; بکھری ہوئی۔ پراگندہ
24	(The) companions ; (of) Paradise ; that Day ; (will be in) a better ; abode ; and a better ; resting-place	والے ; جنت (والے) ; اس دن ; بہتر ہوں گے ; ٹھکانے کے اعتبار سے ; اور زیادہ اچھے ; دوپہر گزارنے کی جگہ سے
25	And (the) Day ; will split open ; the heavens ; with the clouds ; and (will be) sent down ; the Angels ; descending	اور جس دن ; پھٹ جائے گا ; آسمان ; ساتھ بادلوں کے ; اور اتارے جائیں گے ; فرشتے ; اتارا جانا
26	The Sovereignty ; that Day ; (will be) truly ; for the Most Gracious ; And (it will) be ; a Day ; for ; the disbelievers ; difficult	بادشاہت ; آج کے دن ; برحق ہے ; رحمن کے لیے ; اور ہوگا ; وہ دن ; پر ; کافروں (پر) ; بہت سخت
27	And (the) Day ; will bite ; the wrongdoer ; [on] ; his hands ; he will say ; O I wish ; I had taken ; with ; the Messenger ; a way	اور جس دن ; کاٹ کھائے گا۔ کاٹے گا ; ظالم ; پر ; اپنے دونوں ہاتھوں ; کہے گا ; اے کاش کہ میں ; میں بنالیتا ; ساتھ ; رسول کے ; ایک راستہ
28	O woe to me ; I wish ; not ; I had taken ; that one ; (as) a friend	ہائے افسوس مجھ پر ; کاش کہ میں ; نہ ; میں بناتا ; فلاں شخص کو ; دوست
29	Verily ; he led me astray ; from ; the Reminder ; after ; [when] ; it (had) come to me ; And is ; the Shaitaan ; to the man ; a deserter	البتہ تحقیق ; اس نے بھٹکادیا مجھ کو۔ گمراہ کردیا مجھ کو ; سے ; ذکر (سے) نصیحت (سے) ; بعد ; اس کے کہ جب ; وہ آگئی میرے پاس ; اور ہے ; شیطان ; انسان کے لیے ; بہت ہے وفا۔ چھوڑ دینے والا
30	And said ; the Messenger ; O my Lord ; Indeed ; my people ; took ; this ; the Quran ; (as) a forsaken thing	اور کہے گا ; رسول ; اے میرے رب ; بیشک ; میری قوم نے ; بنا لیا تھا ; اس ; قرآن کو ; چھوڑ ہوا۔ ترک کیا ہوا
31	And thus ; We have made ; for every ; Prophet ; an enemy ; among ; the criminals ; But sufficient is ; your Lord ; (as) a Guide ; and a Helper	اور اسی طرح ; بنایا ہم نے ; واسطے ہر ; نبی کے ; دشمن ; میں سے ; مجرموں ; اور کافی ہے ; تیرارب ; ہدایت دینے والا ; اور مددگار
32	And said ; those who ; disbelieve ; Why not ; was revealed ; to him ; the Quran ; all at once ; all at once ; Thus ; that We may strengthen ; thereby ; your heart ; and We have recited it ; (with distinct) recitation	اور کہا ; ان لوگوں نے ; جنہوں نے کفر کیا ; کیوں نہیں ; نازل کیا گیا ; اس پر ; قرآن ; بار ; ایک ہی (ایک ہی بار) ; اسی طرح ; تاکہ ہم جمادیں۔ مضبوط کردیں ; ساتھ اس کے ; تیرا دل ; اور ٹھہر ٹھہر کر پڑھ سنایا ہم نے اس کو ; ٹھہر ٹھہر کر پڑھ سنانا
33	And not ; they come to you ; with an example ; but ; We bring you ; the truth ; and (the) best ; explanation	اور نہیں ; وہ لاتے آپ کے پاس ; کوئی مثال۔ اعتراض ; مگر ; ہم لے آتے ہیں آپ کے پاس ; حق کو ; اور بہترین ; تفسیر کو۔ وضاحت کو۔ بات کھولنا
34	Those who ; will be gathered ; on ; their faces ; to ; Hell ; those ; (are the) worst ; (in) position ; and most astray ; (from the) way	وہ لوگ ; جو اکٹھے کیے جائیں گے ; پر ; اپنے چہروں ; طرف ; جہنم کی (طرف) ; یہی لوگ ; بدترین ہیں ; مقام کے اعتبار سے ; اور زیادہ بھٹکے ہوئے ; راستے کے اعتبار سے
35	And verily ; We gave ; Musa ; the Scripture ; and We appointed ; with him ; his brother ; Harun ; (as) an assistant	اور البتہ تحقیق ; دی ہم نے ; موسیٰ کو ; کتاب ; اور بنایا ہم نے ; اس کے ساتھ ; اس کے بھائی ; ہارون کو ; مددگار
36	Then We said ; Go both of you ; to ; the people ; those who ; have denied ; Our Signs ; Then We destroyed them ; (with) destruction	تو کہا ہم نے ; دونوں جاؤ ; طرف ; اس قوم کی ; جنہوں نے ; جھٹلایا ; ہماری آیات کو ; تو ہلاک کردیا ہم نے ان کو ; ہلاک کرنا
37	And (the) people ; (of) Nuh ; when ; they denied ; the Messengers ; We drowned them ; and We made them ; for mankind ; a sign ; And We have prepared ; for the wrongdoers ; a punishment ; painful	اور قوم ; نوح ; جب ; انہوں نے جھٹلایا ; رسولوں کو ; غرق کردیا ہم نے ان کو ; اور بنایا ہم نے ان کو ; لوگوں کے لیے ; ایک نشانی ; اور تیار کیا ہم نے ; ظالموں کے لیے ; عذاب ; دردناک
38	And Ad ; and Thamud ; and (the) dwellers ; (of) Ar-rass ; and generations ; between ; that ; many	اور عاد ; اور ثمود ; اور والے ; کنوئیں (والے) ; اور قومیں ; درمیان ; اس کے ; بہت سی
39	And each ; We have set forth ; for him ; the examples ; and each ; We destroyed ; (with) destruction	اور سب کو۔ ہر ایک کو ; بیان کیں ہم نے ; اس کے لیے ; مثالیں ; اور ہر ایک کو ; ہلاک کیا ہم نے ; ہلاک کرنا
40	And verily ; they have come ; upon ; the town ; which ; was showered ; (with) a rain ; (of) evil ; Then do not ; they [were] ; see it ; Nay ; they are ; not ; expecting ; Resurrection	اور البتہ تحقیق ; وہ گزرتے ہیں ; پر ; اس بستی ; وہ جو ; برسائی گئی تھی ; بارش ; بری ; کیا بھلا نہیں ; وہ تھے ; دیکھنے اس کو ; بلکہ ; تھے وہ ; نہ ; امید رکھتے ; جی اٹھنے کی
41	And when ; they see you ; not ; they take you ; except ; (in) mockery ; Is this ; the one whom ; Allah has sent ; Allah has sent ; (as) a Messenger	اور جب ; وہ دیکھتے ہیں تجھ کو ; نہیں ; وہ بناتے تجھ کو۔ تیرا ; مگر ; مذاق ; کیا یہ ہے ; وہ شخص ; بھیجا ; اللہ نے ; رسول بنا کر
42	He would have almost ; He would have almost ; [surely] misled us ; from ; our gods ; if not ; that ; we had been steadfast ; to them ; And soon ; will know ; when ; they will see ; the punishment ; who ; (is) more astray ; (from the) way	بیشک ; قریب ہے ; کہ بھٹکا دے ہم کو ; سے ; ہمارے الہوں ; اگر نہ ; یہ بات ہوتی کہ ; جم گئے ہوتے ہم ; ان پر ; اور عنقریب ; وہ جان لیں گے ; جس وقت ; وہ دیکھیں گے ; عذاب کو ; کون ; زیادہ بھٹکا ہوا ہے ; راستے کے اعتبار سے
43	Have you seen ; (one) who ; takes ; (as) his god ; his own desire ; Then would you ; be ; over him ; a guardian	کیا دیکھا تم نے ; جس نے ; بنالیا ; الہ اپنا ; اپنی خواہش نفس کو ; کیا بھلا تو ; تو ہوگا ; اس پر ; کارساز
44	Or ; do you think ; that ; most of them ; hear ; or ; understand ; Not ; they ; (are) except ; like cattle ; Nay ; they ; (are) more astray ; (from the) way	یا ; تم سمجھتے ہو ; کہ بیشک ; ان میں سے اکثر ; سنتے ہیں ; یا ; عقل رکھتے ہیں ; نہیں ; وہ ; مگر ; جانوروں کی طرح ; بلکہ ; وہ ; زیادہ بھٹکے ہوئے ہیں ; راستے کے اعتبار سے
45	Do you not ; see ; [to] ; your Lord ; how ; He extends ; the shadow ; And if ; He willed ; surely He (could) have made it ; stationary ; Then ; We made ; the sun ; for it ; an indication	کیا تم نے ; دیکھا نہیں ; کی طرف ; اپنے رب ; کس طرح ; اس نے پھیلا دیا ; سائے کو ; اور اگر ; وہ چاہتا ; البتہ کردیتا اس کو ; ٹھہرا ہوا ; پھر ; بنایا ہم نے ; سورج کو ; اس پر ; نشانی ۔ رہبر
46	Then ; We withdraw it ; to Us ; a withdrawal ; gradual	پھر ; قبض کرلیا ہم نے اس کو۔ سمیٹ لیا ہم نے اس کو ; اپنی طرف ; سٹیمنا ; آسان سے
47	And He ; (is) the One Who ; made ; for you ; the night ; (as) a covering ; and the sleep ; a rest ; and made ; the day ; a resurrection	اور وہ ; اللہ وہ ذات ہے ; جس نے بنایا ; تمہارے لیے ; رات کو ; لباس ; اور نیند کو ; باعث آرام ; اور بنایا ; دن کو ; جی اٹھنے کا وقت
48	And He ; (is) the One Who ; sends ; the winds ; (as) glad tidings ; before ; before ; His Mercy ; and We send down ; from ; the sky ; water ; pure	اور وہ اللہ ; وہ ذات ہے ; جس نے بھیجا ; ہواؤں کو ; خوش خبری کے طور پر ; آگے آگے ;  ; اپنی رحمت کے ; اور نازل کیا ہم نے ; سے ; آسمان (سے) ; پاک ; پانی
49	That We may give life ; thereby ; (to) a land ; dead ; and We give drink ; thereof ; (to those) We created ; cattle ; and men ; many	تاکہ ہم زندہ کریں ; ساتھ اس کے ; شہر کو ; مردہ ; اور ہم سیراب کریں اس سے ; ان میں سے جو ; پیدا کیا ہم نے ; مویشی جانور ; اور انسان ; بہت سے
50	And verily ; We have distributed it ; among them ; that they may remember ; but refuse ; most ; (of) the people ; except ; disbelief	اور البتہ تحقیق ; پھیر پھیر کے لائے ہم اس کو ; ان کے درمیان ; تاکہ وہ کچھ سبق لیں ; تو انکار کیا ; اکثر ; لوگوں نے ; مگر ; سخت ناشکری (کے)
51	And if ; We willed ; surely, We (would) have raised ; in ; every ; town ; a warner	اور اگر ; ہم چاہتے ; البتہ ہم اٹھاتے ; میں ; ہر ; بستی ; ایک ڈرانے والا
52	So (do) not ; obey ; the disbelievers ; and strive (against) them ; with it ; a striving ; great	تو نہ ; تم اطاعت کرو ; کافروں کی ; اور جہاد کرو ان کے ساتھ ; اس کے ذریعے ; جہاد ; بڑا
53	And He ; (is) the One Who ; (has) released ; the two seas ; [this] (one) ; palatable ; and sweet ; and [this] (one) ; salty ; (and) bitter ; and He has made ; between them ; a barrier ; and a partition ; forbidden	اور وہ اللہ ; وہ ذات ہے ; جس نے ملائے ; دو سمندر ; یہ ; میٹھا ہے ; شیریں ہیں ; اور یہ ; نمکین ہے ; کھاری ہے۔ کڑوا ہے ; اور اس نے بنادیا ; ان دونوں کے درمیان ; ایک پردہ ; اور ایک بند ; بندھا ہوا
54	And He ; (is) the One Who ; has created ; from ; the water ; human being ; and has made (for) him ; blood relationship ; and marriage relationship ; And is ; your Lord ; All-Powerful	اور وہ اللہ ; وہ ذات ہے ; جس نے پیدا کیا ; سے ; پانی ; انسان کو ; پھر بنایا اس کو ; نسب والا ; اور سسرال والا ; اور ہے ; رب تیرا ; قدرت والا
55	But they worship ; besides Allah ; besides Allah ; besides Allah ; what ; not profits them ; not profits them ; and not ; harms them ; and is ; the disbeliever ; against ; his Lord ; a helper	اور وہ عبادت کرتے ہیں ;  ; سوا ; اللہ کے ; ان کی جو ; نہیں ; نفع دیتے ان کو ; اور نہیں ; نقصان دیتے ہیں ان کو ; اور ہے ; کافر ; پر ; اپنے رب کے مقابلہ ; پیٹھ پھیرنے والا
56	And not ; We sent you ; except ; (as) a bearer of glad tidings ; and a warner	اور نہیں ; بھیجا ہم نے آپ کو ; مگر ; خوش خبری دینے والا ; اور ڈرانے والا
57	Say ; Not ; I ask (of) you ; for it ; any ; payment ; except ; (that) whoever wills ; (that) whoever wills ; to ; take ; to ; his Lord ; a way	کہہ دیجیے ; نہیں ; میں مانگتا تم سے ; اس پر ; کوئی ; اجر ; مگر ; جو ; چاہے ; کہ ; بنالے ; طرف ; اپنے رب کی ; کوئی راستہ
58	And put your trust ; in ; the Ever-Living ; the One Who ; does not die ; does not die ; and glorify ; with His Praise ; And sufficient is ; He ; regarding the sins ; (of) His slaves ; All-Aware	اور بھروسہ کرو ; پر ; زندہ ہستی ; وہ جو ; نہیں ; مرے گا ; اور تسبیح بیان کرو ; اس کی حمد کے ساتھ ; اور کافی ہے ; اس کو ; گناہوں سے ; اپنے بندوں کے ; باخبر ہونا
59	The One Who ; created ; the heavens ; and the earth ; and whatever ; (is) between them ; in ; six ; periods ; then ; He established Himself ; over ; the Throne ; the Most Gracious ; so ask ; Him ; (as He is) All-Aware	وہ ذات ; جس نے پیدا کیے ; آسمان ; اور زمین ; اور جو ; ان دونوں کے درمیان ہیں ; میں ; چھ ; دنوں (میں) ; پھر ; وہ مستوی ہوا ; پر ; عرش ; رحمن ; پس پوچھو ; اس کے بارے میں ; خبر رکھنے والے سے
60	And when ; it is said ; to them ; Prostrate ; to the Most Gracious ; They say ; And what ; (is) the Most Gracious ; Should we prostrate ; to what ; you order us ; And it increases them ; (in) aversion	اور جب ; کہا گیا ; ان کے لیے ; سجدہ کرو ; رحمن کے لیے ; انہوں نے کہا ; اور کیا ہے ; رحمن ; کیا ہم سجدہ کریں ; واسطے اس کے ; جو تو حکم دیتا ہے ہم کو ; اور زیادہ کردیتی ہے ان کو ; نفرت میں
61	Blessed is He ; Who ; has placed ; in ; the skies ; constellations ; and has placed ; therein ; a lamp ; and a moon ; shining	بہت بابرکت ہے ; وہ ذات ; جس نے بنائے ; میں ; آسمان ; برج ; اور بنائے۔ رکھ دیے ; اس میں ; سورج ; اور چاند ; روشن
62	And He ; (is) the One Who ; made ; the night ; and the day ; (in) succession ; for whoever ; desires ; to ; remember ; or ; desires ; to be thankful	اور وہ اللہ ; وہ ذات ہے ; جس نے بنایا ; رات کو ; اور دن کو ; جانشین۔ ایک دوسرے کے پیچھے آنے والا ; واسطے اس کے جو ; ارادہ کرے ; کہ ; وہ نصیحت پکڑے ; یا ; ارادہ کرے ; شکرگزار ہونے کا
63	And (the) slaves ; (of) the Most Gracious ; (are) those who ; walk ; on ; the earth ; (in) humbleness ; and when ; address them ; the ignorant ones ; they say ; Peace	اور بندے ; رحمن کے ; وہ لوگ ہیں ; جو چلتے ہیں ; پر ; زمین ; عاجزی سے۔ تواضع سے ; اور جب ; مخاطب ہوتے ہیں ان سے۔ بات کرتے ہیں ان سے ; جاہل ; وہ کہتے ہیں ; سلام
64	And those who ; spend (the) night ; before their Lord ; prostrating ; and standing	اور وہ لوگ ; جو رات گزارتے ہیں ; اپنے رب کے لیے ; سجدہ کرتے ہوئے ; اور قیام کرتے ہوئے
65	And those who ; say ; Our Lord ; Avert ; from us ; the punishment ; (of) Hell ; Indeed ; its punishment ; is ; inseparable	اور وہ لوگ ; جو کہتے ہیں ; اے ہمارے رب ۔ ; پھیر دے ; ہم سے ; عذاب ; جہنم کا ; بیشک ; اس کا عذاب ; ہے ; لازم ہونے والا ہے
66	Indeed, it ; (is) an evil ; abode ; and resting place	بیشک وہ ; برا ہے ; ٹھکانہ ; اور قیام گاہ
67	And those who ; when ; they spend ; (are) not extravagant ; (are) not extravagant ; and are not stingy ; and are not stingy ; but are ; between ; that ; moderate	اور وہ لوگ ; جب ; وہ خرچ کرتے ہیں ; نہیں ; اسراف کرتے ; اور نہیں ; بخل کرتے ; اور ہوتا ہے ; درمیان ; اس کے ; معتدل راہ۔ معتدل طریقہ
68	And those who ; (do) not ; invoke ; with ; Allah ; god ; another ; and (do) not ; [they] kill ; the soul ; which ; Allah has forbidden ; Allah has forbidden ; except ; by right ; and (do) not ; commit unlawful sexual intercourse ; And whoever ; does ; that ; will meet ; a penalty	اور وہ لوگ ; نہیں ; پکارتے ; ساتھ ; اللہ کے ; کوئی الہ ; دوسرا ; اور نہیں ; وہ قتل کرتے ; کسی جان کو ; وہ جو ; حرام کی ; اللہ نے ; مگر ; حق کے ساتھ ; اور نہیں ; وہ زندہ کرتے ; اور جو کوئی ; کرے گا ; ایسا ; پائے گا ; گناہ
69	Will be doubled ; for him ; the punishment ; (on the) Day ; (of) Resurrection ; and he will abide forever ; therein ; humiliated	دوگنا کیا جائے گا ; اس کے لیے ; عذاب ; دن ; قیامت کے ; اور ہمیشہ رہے گا ; اس میں ; رسوا ہو کر
70	Except ; (he) who ; repents ; and believes ; and does ; righteous deeds ; righteous deeds ; then (for) those ; Allah will replace ; Allah will replace ; their evil deeds ; (with) good ones ; And is ; Allah ; Oft-Forgiving ; Most Merciful	مگر ; جو ; توبہ کرلے ; اور ایمان لے آئے ; اور عمل کرے ; عمل ; اچھے ; تو یہی لوگ ; بدل دے گا ; اللہ ; ان کی برائیوں کو ; بھلائیوں سے ; اور ہے ; اللہ تعالیٰ ; غفور ; رحیم
71	And whoever ; repents ; and does ; righteous (deeds) ; then indeed, he ; turns ; to ; Allah ; (with) repentance	اور جو کوئی ; توبہ کرے ; اور عمل کرے ; اچھے ; تو بیشک ; وہ پلٹ آتا ہے ; طرف ; اللہ کی ; پلٹنا
72	And those who ; (do) not ; bear witness ; (to) the falsehood ; and when ; they pass ; by futility ; they pass ; (as) dignified ones	اور وہ لوگ ; نہیں ; گواہ بنتے ; جھوٹ کے ; اور جب ; وہ گزرتے ہیں ; لغور پر ; گزرتے ہیں ; شریف لوگوں کی طرح
73	And those who ; when ; they are reminded ; of (the) Verses ; (of) their Lord ; (do) not ; fall ; upon them ; deaf ; and blind	اور وہ لوگ ; جب ; نصیحت کیے جاتے ہیں ; آیات کے ساتھ ; اپنے رب کی ; نہیں ; گرپڑتے ; ان پر ; بہرے ; اور اندھے بن کر
74	And those who ; say ; Our Lord ; Grant ; to us ; from ; our spouses ; and our offspring ; comfort ; (to) our eyes ; and make us ; for the righteous ; a leader	اور وہ لوگ ; جو کہتے ہیں ; اے ہمارے رب ; عطا کر ; ہم کو ; میں سے۔ ; شوہروں- ہماری بیویوں ; اور ہماری اولادوں میں سے ; ٹھنڈک ; آنکھوں کی ; اور بنا ہم کو ; متقی لوگوں کے لیے ; راہ نما
75	Those ; will be awarded ; the Chamber ; because ; they were patient ; and they will be met ; therein ; (with) greetings ; and peace	یہی لوگ ; جزاپائیں گے ; بلند منزل کی ; بوجہ اس کے ; جو انہوں نے صبر کیا ; اور وہ حاصل کریں گے۔ ڈالے جائیں گے ; اس میں ; دعائے خیر ; اور سلام
76	Will abide forever ; in it ; Good ; (is) the settlement ; and a resting place	ہمیشہ رہنے والے ہیں ; اس میں ; اچھا ہے ; ٹھکانہ ; اور جائے قیام۔ مقام
77	Say ; Not ; will care ; for you ; my Lord ; if not ; your prayer (is to Him) ; But verily ; you have denied ; so soon ; will be ; the inevitable (punishment)	کہہ دیجئے ; نہیں ; پرواہ کرتا تمہاری۔ نہ پرواہ کرے گا ; تمہاری ; میرا رب ; اگر نہ ; دعا ہوئی تمہاری ; تو تحقیق ; جھٹلایا تم نے ; تو عنقریب ; ہوگا ; چمٹ جانے والا
